<?xml version="1.0" encoding="UTF-8"?>
<metadata xml:lang="en"><Esri><CreaDate>20190730</CreaDate><CreaTime>21134200</CreaTime><ArcGISFormat>1.0</ArcGISFormat><SyncOnce>FALSE</SyncOnce><DataProperties><lineage><Process ToolSource="c:\program files (x86)\arcgis\desktop10.5\ArcToolbox\Toolboxes\Data Management Tools.tbx\CalculateField" Date="20190119" Time="203123">CalculateField smcBuildings_Microsoft2017 Height_ft [Height]*3.28084 VB #</Process><Process ToolSource="c:\program files (x86)\arcgis\desktop10.5\ArcToolbox\Toolboxes\Data Management Tools.tbx\Project" Date="20190119" Time="203410">Project smcBuildings_Microsoft2017 D:\_SURF_Files\surfData\publicationGeodatabase.gdb\smcBuildings_Microsoft2017_projected PROJCS['NAD_1983_StatePlane_California_III_FIPS_0403_Feet',GEOGCS['GCS_North_American_1983',DATUM['D_North_American_1983',SPHEROID['GRS_1980',6378137.0,298.257222101]],PRIMEM['Greenwich',0.0],UNIT['Degree',0.0174532925199433]],PROJECTION['Lambert_Conformal_Conic'],PARAMETER['False_Easting',6561679.790026247],PARAMETER['False_Northing',1640419.947506562],PARAMETER['Central_Meridian',-120.5],PARAMETER['Standard_Parallel_1',37.06666666666667],PARAMETER['Standard_Parallel_2',38.43333333333333],PARAMETER['Latitude_Of_Origin',36.5],UNIT['Foot',0.3048]] WGS_1984_(ITRF00)_To_NAD_1983 GEOGCS['GCS_WGS_1984',DATUM['D_WGS_1984',SPHEROID['WGS_1984',6378137.0,298.257223563]],PRIMEM['Greenwich',0.0],UNIT['Degree',0.0174532925199433]] NO_PRESERVE_SHAPE # NO_VERTICAL</Process><Process ToolSource="c:\program files (x86)\arcgis\desktop10.5\ArcToolbox\Toolboxes\Data Management Tools.tbx\CopyFeatures" Date="20190724" Time="144630">CopyFeatures D:/_SURF_Files/publicationData_072219/publicationGeodatabase.gdb/smcBuildings_Microsoft2017_projected D:\_SURF_Files\publicationData_072219\publicationGeodatabase.gdb\smcBuildings_Microsoft2017_projected_Copy # 0 0 0</Process><Process ToolSource="c:\program files (x86)\arcgis\desktop10.5\ArcToolbox\Toolboxes\Data Management Tools.tbx\AddField" Date="20190724" Time="144631">AddField D:/_SURF_Files/publicationData_072219/publicationGeodatabase.gdb/smcBuildings_Microsoft2017_projected_Copy buildingID LONG # # # # NULLABLE NON_REQUIRED #</Process><Process ToolSource="c:\program files (x86)\arcgis\desktop10.5\ArcToolbox\Toolboxes\Data Management Tools.tbx\CalculateField" Date="20190724" Time="144642">CalculateField D:/_SURF_Files/publicationData_072219/publicationGeodatabase.gdb/smcBuildings_Microsoft2017_projected_Copy buildingID !OBJECTID! PYTHON_9.3 #</Process><Process ToolSource="c:\program files (x86)\arcgis\desktop10.5\ArcToolbox\Toolboxes\Analysis Tools.tbx\SpatialJoin" Date="20190724" Time="144809">SpatialJoin D:/_SURF_Files/publicationData_072219/publicationGeodatabase.gdb/smcBuildings_Microsoft2017_projected_Copy D:/_SURF_Files/publicationData_072219/publicationGeodatabase.gdb/smcParcelsCorelogic_lessFields_processedParcels D:\_SURF_Files\publicationData_072219\publicationGeodatabase.gdb\smcBuildings_Microsoft2017_projected_ParcelJoin JOIN_ONE_TO_ONE KEEP_COMMON "Height_ft "Height_ft" true true false 4 Float 0 0 ,First,#,D:/_SURF_Files/publicationData_072219/publicationGeodatabase.gdb/smcBuildings_Microsoft2017_projected_Copy,Height_ft,-1,-1;Area_ft "Area_ft" true true false 4 Float 0 0 ,First,#,D:/_SURF_Files/publicationData_072219/publicationGeodatabase.gdb/smcBuildings_Microsoft2017_projected_Copy,Area_ft,-1,-1;Shape_Length "Shape_Length" false true true 8 Double 0 0 ,First,#,D:/_SURF_Files/publicationData_072219/publicationGeodatabase.gdb/smcBuildings_Microsoft2017_projected_Copy,Shape_Length,-1,-1;Shape_Area "Shape_Area" false true true 8 Double 0 0 ,First,#,D:/_SURF_Files/publicationData_072219/publicationGeodatabase.gdb/smcBuildings_Microsoft2017_projected_Copy,Shape_Area,-1,-1;buildingID "buildingID" true true false 4 Long 0 0 ,First,#,D:/_SURF_Files/publicationData_072219/publicationGeodatabase.gdb/smcBuildings_Microsoft2017_projected_Copy,buildingID,-1,-1;APN "APN" true true false 9 Text 0 0 ,First,#,D:/_SURF_Files/publicationData_072219/publicationGeodatabase.gdb/smcParcelsCorelogic_lessFields_processedParcels,APN,-1,-1;SITUS_CITY "SITUS_CITY" true true false 254 Text 0 0 ,First,#,D:/_SURF_Files/publicationData_072219/publicationGeodatabase.gdb/smcParcelsCorelogic_lessFields_processedParcels,SITUS_CITY,-1,-1;UNITS_NUMB "UNITS_NUMB" true true false 254 Text 0 0 ,First,#,D:/_SURF_Files/publicationData_072219/publicationGeodatabase.gdb/smcParcelsCorelogic_lessFields_processedParcels,UNITS_NUMB,-1,-1;USE_INT "USE_INT" true true false 4 Long 0 0 ,First,#,D:/_SURF_Files/publicationData_072219/publicationGeodatabase.gdb/smcParcelsCorelogic_lessFields_processedParcels,USE_INT,-1,-1;APN_INT "APN_INT" true true false 4 Long 0 0 ,First,#,D:/_SURF_Files/publicationData_072219/publicationGeodatabase.gdb/smcParcelsCorelogic_lessFields_processedParcels,APN_INT,-1,-1;APN_String "APN_String" true true false 50 Text 0 0 ,First,#,D:/_SURF_Files/publicationData_072219/publicationGeodatabase.gdb/smcParcelsCorelogic_lessFields_processedParcels,APN_String,-1,-1;Shape_Length_1 "Shape_Length_1" false true true 8 Double 0 0 ,First,#,D:/_SURF_Files/publicationData_072219/publicationGeodatabase.gdb/smcParcelsCorelogic_lessFields_processedParcels,Shape_Length,-1,-1;Shape_Area_1 "Shape_Area_1" false true true 8 Double 0 0 ,First,#,D:/_SURF_Files/publicationData_072219/publicationGeodatabase.gdb/smcParcelsCorelogic_lessFields_processedParcels,Shape_Area,-1,-1;nParcelUnits "nParcelUnits" true true false 4 Long 0 0 ,First,#,D:/_SURF_Files/publicationData_072219/publicationGeodatabase.gdb/smcParcelsCorelogic_lessFields_processedParcels,nParcelUnits,-1,-1" CLOSEST # #</Process><Process ToolSource="c:\program files (x86)\arcgis\desktop10.5\ArcToolbox\Toolboxes\Data Management Tools.tbx\JoinField" Date="20190724" Time="145938">JoinField D:/_SURF_Files/publicationData_072219/publicationGeodatabase.gdb/smcBuildings_Microsoft2017_projected_ParcelJoin APN D:/_SURF_Files/publicationData_072219/publicationGeodatabase.gdb/smcBuildings_Microsoft2017_projected_ParcelJoin_summstats APN FREQUENCY;SUM_AREA</Process></lineage><itemProps><itemLocation><linkage Sync="TRUE">file://\\AVERY\D$\_SURF_Files\publicationData_072219\publicationGeodatabase.gdb</linkage><protocol Sync="TRUE">Local Area Network</protocol></itemLocation><itemName Sync="TRUE">smcBuildings_Microsoft2017_projected_ParcelJoin</itemName><imsContentType Sync="TRUE">002</imsContentType></itemProps><coordRef><type Sync="TRUE">Projected</type><geogcsn Sync="TRUE">GCS_North_American_1983</geogcsn><csUnits Sync="TRUE">Linear Unit: Foot (0.304800)</csUnits><projcsn Sync="TRUE">NAD_1983_StatePlane_California_III_FIPS_0403_Feet</projcsn><peXml Sync="TRUE">&lt;ProjectedCoordinateSystem xsi:type='typens:ProjectedCoordinateSystem' xmlns:xsi='http://www.w3.org/2001/XMLSchema-instance' xmlns:xs='http://www.w3.org/2001/XMLSchema' xmlns:typens='http://www.esri.com/schemas/ArcGIS/10.5'&gt;&lt;WKT&gt;PROJCS[&amp;quot;NAD_1983_StatePlane_California_III_FIPS_0403_Feet&amp;quot;,GEOGCS[&amp;quot;GCS_North_American_1983&amp;quot;,DATUM[&amp;quot;D_North_American_1983&amp;quot;,SPHEROID[&amp;quot;GRS_1980&amp;quot;,6378137.0,298.257222101]],PRIMEM[&amp;quot;Greenwich&amp;quot;,0.0],UNIT[&amp;quot;Degree&amp;quot;,0.0174532925199433]],PROJECTION[&amp;quot;Lambert_Conformal_Conic&amp;quot;],PARAMETER[&amp;quot;False_Easting&amp;quot;,6561679.790026247],PARAMETER[&amp;quot;False_Northing&amp;quot;,1640419.947506562],PARAMETER[&amp;quot;Central_Meridian&amp;quot;,-120.5],PARAMETER[&amp;quot;Standard_Parallel_1&amp;quot;,37.06666666666667],PARAMETER[&amp;quot;Standard_Parallel_2&amp;quot;,38.43333333333333],PARAMETER[&amp;quot;Latitude_Of_Origin&amp;quot;,36.5],UNIT[&amp;quot;Foot&amp;quot;,0.3048]]&lt;/WKT&gt;&lt;XOrigin&gt;-115860800&lt;/XOrigin&gt;&lt;YOrigin&gt;-93269700&lt;/YOrigin&gt;&lt;XYScale&gt;3048&lt;/XYScale&gt;&lt;ZOrigin&gt;-100000&lt;/ZOrigin&gt;&lt;ZScale&gt;10000&lt;/ZScale&gt;&lt;MOrigin&gt;-100000&lt;/MOrigin&gt;&lt;MScale&gt;10000&lt;/MScale&gt;&lt;XYTolerance&gt;0.0032808398950131233&lt;/XYTolerance&gt;&lt;ZTolerance&gt;0.001&lt;/ZTolerance&gt;&lt;MTolerance&gt;0.001&lt;/MTolerance&gt;&lt;HighPrecision&gt;true&lt;/HighPrecision&gt;&lt;/ProjectedCoordinateSystem&gt;</peXml></coordRef></DataProperties><SyncDate>20190724</SyncDate><SyncTime>14464600</SyncTime><ModDate>20190724</ModDate><ModTime>14464600</ModTime></Esri><dataIdInfo><envirDesc Sync="TRUE"> Version 6.2 (Build 9200) ; Esri ArcGIS 10.5.1.7333</envirDesc><dataLang><languageCode value="eng" Sync="TRUE"></languageCode><countryCode value="USA" Sync="TRUE"></countryCode></dataLang><idCitation><resTitle Sync="TRUE">smcBuildings_Microsoft2017_projected_ParcelJoin</resTitle><presForm><PresFormCd value="005" Sync="TRUE"></PresFormCd></presForm></idCitation><spatRpType><SpatRepTypCd value="001" Sync="TRUE"></SpatRepTypCd></spatRpType></dataIdInfo><mdLang><languageCode value="eng" Sync="TRUE"></languageCode><countryCode value="USA" Sync="TRUE"></countryCode></mdLang><distInfo><distFormat><formatName Sync="TRUE">File Geodatabase Feature Class</formatName></distFormat></distInfo><mdHrLv><ScopeCd value="005" Sync="TRUE"></ScopeCd></mdHrLv><mdHrLvName Sync="TRUE">dataset</mdHrLvName><refSysInfo><RefSystem><refSysID><identCode code="0" Sync="TRUE"></identCode></refSysID></RefSystem></refSysInfo><spatRepInfo><VectSpatRep><geometObjs Name="smcBuildings_Microsoft2017_projected_ParcelJoin"><geoObjTyp><GeoObjTypCd value="002" Sync="TRUE"></GeoObjTypCd></geoObjTyp><geoObjCnt Sync="TRUE">0</geoObjCnt></geometObjs><topLvl><TopoLevCd value="001" Sync="TRUE"></TopoLevCd></topLvl></VectSpatRep></spatRepInfo><spdoinfo><ptvctinf><esriterm Name="smcBuildings_Microsoft2017_projected_ParcelJoin"><efeatyp Sync="TRUE">Simple</efeatyp><efeageom code="4" Sync="TRUE"></efeageom><esritopo Sync="TRUE">FALSE</esritopo><efeacnt Sync="TRUE">0</efeacnt><spindex Sync="TRUE">TRUE</spindex><linrefer Sync="TRUE">FALSE</linrefer></esriterm></ptvctinf></spdoinfo><eainfo><detailed Name="smcBuildings_Microsoft2017_projected_ParcelJoin"><enttyp><enttypl Sync="TRUE">smcBuildings_Microsoft2017_projected_ParcelJoin</enttypl><enttypt Sync="TRUE">Feature Class</enttypt><enttypc Sync="TRUE">0</enttypc></enttyp><attr><attrlabl Sync="TRUE">OBJECTID</attrlabl><attalias Sync="TRUE">OBJECTID</attalias><attrtype Sync="TRUE">OID</attrtype><attwidth Sync="TRUE">4</attwidth><atprecis Sync="TRUE">0</atprecis><attscale Sync="TRUE">0</attscale><attrdef Sync="TRUE">Internal feature number.</attrdef><attrdefs Sync="TRUE">Esri</attrdefs><attrdomv><udom Sync="TRUE">Sequential unique whole numbers that are automatically generated.</udom></attrdomv></attr><attr><attrlabl Sync="TRUE">Shape</attrlabl><attalias Sync="TRUE">Shape</attalias><attrtype Sync="TRUE">Geometry</attrtype><attwidth Sync="TRUE">0</attwidth><atprecis Sync="TRUE">0</atprecis><attscale Sync="TRUE">0</attscale><attrdef Sync="TRUE">Feature geometry.</attrdef><attrdefs Sync="TRUE">Esri</attrdefs><attrdomv><udom Sync="TRUE">Coordinates defining the features.</udom></attrdomv></attr><attr><attrlabl Sync="TRUE">Join_Count</attrlabl><attalias Sync="TRUE">Join_Count</attalias><attrtype Sync="TRUE">Integer</attrtype><attwidth Sync="TRUE">4</attwidth><atprecis Sync="TRUE">0</atprecis><attscale Sync="TRUE">0</attscale></attr><attr><attrlabl Sync="TRUE">TARGET_FID</attrlabl><attalias Sync="TRUE">TARGET_FID</attalias><attrtype Sync="TRUE">Integer</attrtype><attwidth Sync="TRUE">4</attwidth><atprecis Sync="TRUE">0</atprecis><attscale Sync="TRUE">0</attscale></attr><attr><attrlabl Sync="TRUE">Height_ft</attrlabl><attalias Sync="TRUE">Height_ft</attalias><attrtype Sync="TRUE">Single</attrtype><attwidth Sync="TRUE">4</attwidth><atprecis Sync="TRUE">0</atprecis><attscale Sync="TRUE">0</attscale></attr><attr><attrlabl Sync="TRUE">Area_ft</attrlabl><attalias Sync="TRUE">Area_ft</attalias><attrtype Sync="TRUE">Single</attrtype><attwidth Sync="TRUE">4</attwidth><atprecis Sync="TRUE">0</atprecis><attscale Sync="TRUE">0</attscale></attr><attr><attrlabl Sync="TRUE">buildingID</attrlabl><attalias Sync="TRUE">buildingID</attalias><attrtype Sync="TRUE">Integer</attrtype><attwidth Sync="TRUE">4</attwidth><atprecis Sync="TRUE">0</atprecis><attscale Sync="TRUE">0</attscale></attr><attr><attrlabl Sync="TRUE">APN</attrlabl><attalias Sync="TRUE">APN</attalias><attrtype Sync="TRUE">String</attrtype><attwidth Sync="TRUE">9</attwidth><atprecis Sync="TRUE">0</atprecis><attscale Sync="TRUE">0</attscale></attr><attr><attrlabl Sync="TRUE">SITUS_CITY</attrlabl><attalias Sync="TRUE">SITUS_CITY</attalias><attrtype Sync="TRUE">String</attrtype><attwidth Sync="TRUE">254</attwidth><atprecis Sync="TRUE">0</atprecis><attscale Sync="TRUE">0</attscale></attr><attr><attrlabl Sync="TRUE">UNITS_NUMB</attrlabl><attalias Sync="TRUE">UNITS_NUMB</attalias><attrtype Sync="TRUE">String</attrtype><attwidth Sync="TRUE">254</attwidth><atprecis Sync="TRUE">0</atprecis><attscale Sync="TRUE">0</attscale></attr><attr><attrlabl Sync="TRUE">USE_INT</attrlabl><attalias Sync="TRUE">USE_INT</attalias><attrtype Sync="TRUE">Integer</attrtype><attwidth Sync="TRUE">4</attwidth><atprecis Sync="TRUE">0</atprecis><attscale Sync="TRUE">0</attscale></attr><attr><attrlabl Sync="TRUE">APN_INT</attrlabl><attalias Sync="TRUE">APN_INT</attalias><attrtype Sync="TRUE">Integer</attrtype><attwidth Sync="TRUE">4</attwidth><atprecis Sync="TRUE">0</atprecis><attscale Sync="TRUE">0</attscale></attr><attr><attrlabl Sync="TRUE">APN_String</attrlabl><attalias Sync="TRUE">APN_String</attalias><attrtype Sync="TRUE">String</attrtype><attwidth Sync="TRUE">50</attwidth><atprecis Sync="TRUE">0</atprecis><attscale Sync="TRUE">0</attscale></attr><attr><attrlabl Sync="TRUE">Shape_Length_1</attrlabl><attalias Sync="TRUE">Shape_Length_1</attalias><attrtype Sync="TRUE">Double</attrtype><attwidth Sync="TRUE">8</attwidth><atprecis Sync="TRUE">0</atprecis><attscale Sync="TRUE">0</attscale></attr><attr><attrlabl Sync="TRUE">Shape_Area_1</attrlabl><attalias Sync="TRUE">Shape_Area_1</attalias><attrtype Sync="TRUE">Double</attrtype><attwidth Sync="TRUE">8</attwidth><atprecis Sync="TRUE">0</atprecis><attscale Sync="TRUE">0</attscale></attr><attr><attrlabl Sync="TRUE">nParcelUnits</attrlabl><attalias Sync="TRUE">nParcelUnits</attalias><attrtype Sync="TRUE">Integer</attrtype><attwidth Sync="TRUE">4</attwidth><atprecis Sync="TRUE">0</atprecis><attscale Sync="TRUE">0</attscale></attr><attr><attrlabl Sync="TRUE">Shape_Length</attrlabl><attalias Sync="TRUE">Shape_Length</attalias><attrtype Sync="TRUE">Double</attrtype><attwidth Sync="TRUE">8</attwidth><atprecis Sync="TRUE">0</atprecis><attscale Sync="TRUE">0</attscale><attrdef Sync="TRUE">Length of feature in internal units.</attrdef><attrdefs Sync="TRUE">Esri</attrdefs><attrdomv><udom Sync="TRUE">Positive real numbers that are automatically generated.</udom></attrdomv></attr><attr><attrlabl Sync="TRUE">Shape_Area</attrlabl><attalias Sync="TRUE">Shape_Area</attalias><attrtype Sync="TRUE">Double</attrtype><attwidth Sync="TRUE">8</attwidth><atprecis Sync="TRUE">0</atprecis><attscale Sync="TRUE">0</attscale><attrdef Sync="TRUE">Area of feature in internal units squared.</attrdef><attrdefs Sync="TRUE">Esri</attrdefs><attrdomv><udom Sync="TRUE">Positive real numbers that are automatically generated.</udom></attrdomv></attr></detailed></eainfo><mdDateSt Sync="TRUE">20190724</mdDateSt></metadata>
